{"cameraMode":{"drawMode":0,"name":"Shaded","section":"Shading Mode"},"sceneLighting":true,"audioPlay":false,"sceneViewState":{"showFog":true,"showMaterialUpdate":false,"showSkybox":true,"showFlares":true,"showImageEffects":true,"showParticleSystems":true},"in2DMode":false,"pivot":{"x":12.296504974365235,"y":9.036048889160157,"z":154.08685302734376},"rotation":{"x":-0.1822536438703537,"y":-0.6191627979278565,"z":0.15081022679805757,"w":-0.748845636844635},"size":6.295973777770996,"orthographic":false}