{"cameraMode":{"drawMode":0,"name":"Shaded","section":"Shading Mode"},"sceneLighting":false,"audioPlay":false,"sceneViewState":{"showFog":true,"showMaterialUpdate":false,"showSkybox":false,"showFlares":true,"showImageEffects":true,"showParticleSystems":true},"in2DMode":false,"pivot":{"x":-12.62893295288086,"y":-33.196556091308597,"z":85.42533874511719},"rotation":{"x":-0.2282324880361557,"y":0.39275801181793215,"z":-0.10117737948894501,"w":-0.8851551413536072},"size":129.38096618652345,"orthographic":false}