{"cameraMode":{"drawMode":0,"name":"Shaded","section":"Shading Mode"},"sceneLighting":false,"audioPlay":false,"sceneViewState":{"showFog":true,"showMaterialUpdate":false,"showSkybox":false,"showFlares":true,"showImageEffects":true,"showParticleSystems":true},"in2DMode":false,"pivot":{"x":34.54790115356445,"y":20.89999771118164,"z":111.97373962402344},"rotation":{"x":-0.16617250442504884,"y":0.5172936320304871,"z":-0.10308341681957245,"w":-0.8332038521766663},"size":141.31028747558595,"orthographic":false}